Description,Link,Title
"The domestic dog is a member of the genus Canis (canines), which forms part of the wolf-like canids, and is the most widely abundant terrestrial carnivore.",https://en.wikipedia.org/wiki/Dog,Dog - Wikipediahttps://en.wikipedia.org/wiki/Dog
"Your dog's online owners manual, featuring articles about breed information, dog selection, training, grooming and care for dogs and puppies.",http://www.vetstreet.com/dogs/,"Complete Guide to Caring for Dogs | Dog Breed Information, Dog ...www.vetstreet.com/dogs/"
How rehoming works. To start the rehoming process you will need to go to a rehoming centre for a quick chat. Please find information below about what to ...,https://www.dogstrust.ie/rehoming/dogs/,Dogs and Puppies for rehoming | Dogs Trusthttps://www.dogstrust.ie/rehoming/dogs/
"Breed: Siberian Husky, Retriever, Labrador. Age: 6 years 8 months. View this animal. Odie. Gender: Male. Neutered: Neutered. Breed: Akita, Boxer. Age: 4 years ...",https://www.torontohumanesociety.com/adopt-a-pet/dogs,Dogs - The Toronto Humane Societyhttps://www.torontohumanesociety.com/adopt-a-pet/dogs
"Shop our collection of dog and puppy supplies, including the latest accessories, toys, crates, collars and more. Find everything you need online to care for your ...",https://www.petsmart.com/dog/,Dog Supplies: Dog & Puppy Products | PetSmarthttps://www.petsmart.com/dog/
Keep your dog happy and healthy with the dog supplies they need in every stage of life. Shop for dog and puppy accessories and products securely at Petco.,https://www.petco.com/shop/en/petcostore/category/dog,"Dog & Puppy Supplies, Services & Accessories | Petcohttps://www.petco.com/shop/en/petcostore/category/dog"
Dog Breeds with Short Hair. Affenpinscher · American Foxhound · American Staffordshire Terrier · Anatolian Shepherd Dog · Australian Cattle Dog · Australian ...,https://www.purina.com/dogs/dog-breeds/collections/dog-breeds-with-short-hair,Dog Breeds with Short Hair - Purinahttps://www.purina.com › Dogs › Dog Breeds › Collections
what-dog classifies the breed of your dog using machine learning. See our companion Fetch! app in the iOS app store!,https://www.what-dog.net/,What is your dog?https://www.what-dog.net/
"Whether you're looking for a playful puppy or an older companion, we have the perfect dog for you. Check out our dogs for adoption and find your next best furry ...",https://hsnaples.org/adopt-a-dog/,Adopt a Dog - Humane Society Napleshttps://hsnaples.org/adopt-a-dog/
These Battersea dogs are all ready to find a new home. Register your details with our experts here.,https://www.battersea.org.uk/dogs/dog-rehoming-gallery,Meet The Dogs Ready To Be Loved | Batterseahttps://www.battersea.org.uk/dogs/dog-rehoming-gallery
Select a location from the list below to see dogs available for adoption at that specific location: Adoptable dogs at our Philadelphia Headquarters. Adoptable ...,https://www.pspca.org/adoptdogs,Find Adoptable Dogs | Pennsylvania Society for the Prevention of ...https://www.pspca.org/adoptdogs
Search for dogs for adoption at shelters. Find and adopt a pet on Petfinder today.,https://www.petfinder.com/search/dogs-for-adoption/,available dogs for adoption - Dogs for Adoption | Petfinderhttps://www.petfinder.com/search/dogs-for-adoption/
"1 day ago - Man's best friends have long been put to work, and a recent medical study has shown hounds can be trained to smell malaria in children.",https://www.theguardian.com/lifeandstyle/dogs,Dogs | Lifeandstyle | The Guardianhttps://www.theguardian.com/lifeandstyle/dogs
"UPS Dogs. 1.2M likes. UPS drivers deliver packages all day long. During each day, drivers encounter many dogs, most friendly and some not so nice. When...",https://www.facebook.com/upsdogs/,UPS Dogs - Home | Facebookhttps://www.facebook.com/upsdogs/
Find out how to register your dog with AKC or enroll a mixed breed in AKC Canine Partners. You can also check your purebred's registration status.,https://www.akc.org/register/dog/,Register Your Dog With the American Kennel Club Todayhttps://www.akc.org › Registration
"Find all the dog supplies for your canine companion. At Petbarn we have a range of treats, toys, food and prescription diets. Visit your local store or get free ...",https://www.petbarn.com.au/dogs,"Dog Supplies, Products & Accessories | Petbarnhttps://www.petbarn.com.au/dogs"
All the latest breaking news on Dogs. Browse The Independent's complete collection of articles and commentary on Dogs.,https://www.independent.co.uk/topic/Dogs,"Dogs - latest news, breaking stories and comment - The Independenthttps://www.independent.co.uk/topic/Dogs"
"Dog. Male/Neutered. Terrier, American Pit Bull/Mix. 7 years 7 months. Dog Adoption. Photo · Carsten. 21063558. Dog. Male/Neutered. Terrier, Manchester/Mix.",https://www.wenatcheehumane.org/dogs/,Dogs for Adoption — Wenatchee Valley Humane Societyhttps://www.wenatcheehumane.org/dogs/
"Choosing to adopt a dog or puppy is an exciting time. However, there are many things to consider before adopting a pet to help ensure the right dog is placed ...",https://www.rspca.org.au/adopt-pet/adopting-dogpuppy,Adopting a dog or puppy | RSPCA Australiahttps://www.rspca.org.au/adopt-pet/adopting-dogpuppy
Below is a list of all dogs available for adoption. Use the shortcuts at the top left or the search filters in the left sidebar to narrow your search. The compatibility ...,https://www.austinpetsalive.org/adopt/dogs/,Available Dogs - Austin Pets Alive!https://www.austinpetsalive.org/adopt/dogs/
These one-day events apply to all cats and dogs that are available for adoption on the event date and are made possible by support from charitable ...,http://www.cityofrochester.gov/adoptadog/,City of Rochester | Adopt a Dogwww.cityofrochester.gov/adoptadog/
"The original meaning seems to have been a common dog, as opposed to a well-bread one, or something like 'curr', and perhaps later came to be used for ...",https://en.wiktionary.org/wiki/dog,dog - Wiktionaryhttps://en.wiktionary.org/wiki/dog
View all the currently adoptable dogs and puppies at the SPCA of Northern Nevada located in Reno!,https://spcanevada.org/programs/adoptable-animals/dogs/,Dogs - The SPCA of Northern Nevadahttps://spcanevada.org/programs/adoptable-animals/dogs/
"Dog Adoption - Save a life, adopt a dog. We are a non-profit helping promote dog adoption by working with local dog rescues.",https://www.adoptapet.com/dog-adoption,"Dog Adoption :: Search by breed, size, age and location.https://www.adoptapet.com/dog-adoption"
Dogs. One of our dogs will be perfect for you. Just click on a face or name below to learn more about your potential new pet.,https://www.seattlehumane.org/adoption/dogs/,Dogs – Seattle Humanehttps://www.seattlehumane.org/adoption/dogs/
Not Ready to Adopt or Foster a Dog or Pup? We understand that not all lifestyles and households can include a dog or cat for various reasons. For those who ...,https://www.animalhouseshelter.com/dogs/,Find a Dog to Adopt or Foster | Animal House Shelterhttps://www.animalhouseshelter.com/dogs/
"34796331. Dog. Female. Retriever, Labrador/Mix. 2 years. Gray Wing. Photo · Dylan. 36803228. Dog. Male. Terrier, Pit Bull/Retriever, Labrador. 1 year 5 months.",http://abilenetx.gov/city-hall/departments/general-government/animal-services/animals-at-the-shelter/dogs,Dogs | City of Abileneabilenetx.gov/city-hall/departments/general-government/animal-services/.../dogs
Dog definition is - canid; especially : a highly variable domestic mammal (Canis familiaris) closely related to the gray wolf. How to use dog in a sentence.,https://www.merriam-webster.com/dictionary/dog,Dog | Definition of Dog by Merriam-Websterhttps://www.merriam-webster.com/dictionary/dog
"Founded in 2009 by dog-lovers and based in San Francisco, California. DOGTV's wish is to make dogs feel happier and more relaxed.",https://www.dogtv.com/,DOGTV Homehttps://www.dogtv.com/
"Dog Products and Supplies at DrsFosterSmith.com. Drs. Foster and Smith's website is the trusted place to find dog supplies, whether you just brought home a ...",http://www.drsfostersmith.com/dog-supplies/pr/c/3307,Dog Products & Supplies | DrsFosterSmith.comwww.drsfostersmith.com/dog-supplies/pr/c/3307
Shop for Dogs at Walmart.com. Save money. Live better.,https://www.walmart.com/cp/dogs/202072,Dogs - Walmart.comhttps://www.walmart.com/cp/dogs/202072
"Taste of the Wild Grain Free High Protein Dry Dog Food High Prairie Adult - ... Amazon Brand - Solimo Ultra-Premium Dry Dog Food, No Added Grain, Beef.",https://www.amazon.com/dogs-supplies-training-beds-collars-grooming/b?ie=UTF8&node=2975312011,"Amazon.com: Dogs: Pet Supplies: Apparel & Accessories, Collars ...https://www.amazon.com/dogs-supplies-training-beds-collars-grooming/b?ie..."
"Dog. Female/Spayed. Terrier/Mix. 8 years 5 months. Dog Adopt. Photo. Biscuits & Gravy. 39925928. Dog. Male/Neutered. Terrier, Pit Bull/Hound. 9 months.",https://heritagehumane.org/dogs/,Adopt a Dog or Puppy - Heritage Humanehttps://heritagehumane.org/dogs/
Dog. Male/Neutered. Shih Tzu. 8 years 5 months. Adoption Dogs. Photo · Misty - KW. 18988267. Dog. Female/Spayed. Siberian Husky/Catahoula Leopard dog.,https://kwhumane.com/adopt/dogs/,Adopt a Dog - Animal Welfare - KW Humane Societyhttps://kwhumane.com/adopt/dogs/
"Whether you're looking for a playful puppy or an older companion, we have the perfect dog for you. Check out our dogs and puppies for adoption at our Phoenix ...",https://www.azhumane.org/adopt/find-a-pet/adopt-a-dog/,Adopt a Dog - Puppy Adoptions - Arizona Humane Societyhttps://www.azhumane.org/adopt/find-a-pet/adopt-a-dog/
"To adopt a dog in Reno, come down to the shelter at 2825 Longley Lane in Reno – we're open 7 days a week and we have hundreds of pets to choose from.",http://nevadahumanesociety.org/adopt-a-pet/dogs-and-puppies/,DOGS AND PUPPIES - Nevada Humane Societynevadahumanesociety.org/adopt-a-pet/dogs-and-puppies/
"Dog. Male/Neutered. Terrier, American Staffordshire/Mix. 1 year 3 months. Foster. Photo. SKY. 38307306. Dog. Female/Spayed. Catahoula Leopard dog/Mix.",https://www.halifaxhumanesociety.org/adopt-a-dog/index,Adopt A Dog - Halifax Humane Societyhttps://www.halifaxhumanesociety.org/adopt-a-dog/index
"Available, Category, Dog, Colors, black and white. Sex, Female, Pattern, None. Age, 2, Coat, short. Breed, Jack Russell X. Size, Small. on, ...",https://www.niagaradogrescue.org/status/available,Available | Status | Niagara Dog Rescuehttps://www.niagaradogrescue.org/status/available
Dogs are actually all one species despite the wide variety of shapes and sizes that make up the family canidae. Learn how dogs evolved from wolves.,https://animals.howstuffworks.com/pets/dog.htm,How Dogs Work | HowStuffWorkshttps://animals.howstuffworks.com › Animals › Pets › Dogs › Family Dogs
"Of course, what a dog looks like matters—large or small, smooth coats or rough, droop ears or erect. But it is their level of activity, training needs, and other ...",https://anticruelty.org/adopt-a-new-companion/adopt-a-dog/,Adopt a Dog - Anti-Cruelty Societyhttps://anticruelty.org/adopt-a-new-companion/adopt-a-dog/
View a selection of the dogs available for rehoming. Please visit Edinburgh Dog and Cat Home in person for more dogs seeking their forever homes.,https://www.edch.org.uk/adopt-pet/our-dogs,Our Dogs | Edinburgh Dog and Cat Homehttps://www.edch.org.uk/adopt-pet/our-dogs
Frankie Male / 9 years. ARL Main Scarlet Female / 3 years. ARL Main Lexi Female / 1 year. ARL Main Athena Female / 3 years. ARL Main Brock Male / 4 years,https://www.arl-iowa.org/adopt/find-a-pet/pet-list/dog/,Adopt a Dog | Animal Rescue League of Iowahttps://www.arl-iowa.org/adopt/find-a-pet/pet-list/dog/
"7 hours ago - The dog was scared of the fireworks and hid in the car engine, while the owner drove off with the dog still trapped in the engine.",https://www.iol.co.za/ios/news/diwalifireworks-dog-hiding-from-fireworks-gets-trapped-in-car-engine-17842593,#DiwaliFireworks: Dog hiding from fireworks gets trapped in car ... - IOLhttps://www.iol.co.za/.../diwalifireworks-dog-hiding-from-fireworks-gets-trapped-in-c...
"4 days ago - Edwards — whose dog, known on Instagram as Chloe the Mini Frenchie, amassed so many followers that her death last year made local news ...",https://www.vox.com/the-goods/2018/11/6/18066056/dog-instagram-famous-pet-influencers,"How pet influencers make money on Instagram, according to an agent ...https://www.vox.com/the-goods/2018/11/6/.../dog-instagram-famous-pet-influencers"
"Sharing our lives with dogs also means to have all the things they need for their favorite activities, like sleeping, eating, playing or going out for a walk.",https://www.ikea.com/us/en/catalog/categories/departments/pets/39570/,Dogs - Ikeahttps://www.ikea.com/us/en/catalog/categories/departments/pets/39570/
1 day ago - ST. LOUIS – A dog who gave everything she had to a litter of puppies is repaid with the ultimate gift. When her health was failing and she ...,https://fox2now.com/2018/11/08/family-of-dog-with-failing-kidneys-receives-miracle-organ-donation/,Family of dog with failing kidneys receives miracle organ donation ...https://fox2now.com/.../family-of-dog-with-failing-kidneys-receives-miracle-organ-d...
19 hours ago - VA Secretary Robert Wilkie says the invasive and ultimately fatal research experiments on dogs could lead to breakthroughs that could help ...,https://www.usatoday.com/story/news/politics/2018/11/09/va-dog-testing-va-secretary-robert-wilkie-wont-suspend-experiments/1945943002/,VA dog testing: VA Secretary Robert Wilkie won't suspend experimentshttps://www.usatoday.com/story/news/politics/2018/11/09/...dog.../1945943002/
"dog definition: 1. a common animal with four legs, especially kept by people as a pet or to hunt or guard things: 2. a man who is unpleasant or not to be trusted: ...",https://dictionary.cambridge.org/dictionary/english/dog,DOG | meaning in the Cambridge English Dictionaryhttps://dictionary.cambridge.org/dictionary/english/dog
"WebMD veterinary experts provide comprehensive information about dog health care, offer nutrition and feeding tips, and help you identify illnesses in dogs.",https://www.webmd.com/pets/dogs/default.htm,Dog Health Center | Dog Care and Information from WebMDhttps://www.webmd.com › Healthy Dogs
"19 hours ago - According to Real Simple, word of this magical product for mutts first hit dog owners' ears on the Inside Trader Joe's podcast, during which ...",https://people.com/pets/trader-joes-dog-advent-calendar/,Trader Joe's Advent Calendar for Dogs | PEOPLE.comhttps://people.com/pets/trader-joes-dog-advent-calendar/
"Explore and share the best Dog GIFs and most popular animated GIFs here on GIPHY. Find Funny GIFs, Cute GIFs, Reaction GIFs and more.",https://giphy.com/explore/dog,Dog GIFs - Get the best GIF on GIPHYhttps://giphy.com/explore/dog
"Find all the dog products you need to keep man's best friend healthy, happy and full of life are right here. From food and treats to beds, collars and toys.",http://www.petsathome.com/shop/en/pets/dog,"Dog Products | Food, Toys, Collars & Care | Pets at Homewww.petsathome.com/shop/en/pets/dog"
"5 days ago - The 8-year-old dog's family had moved away and left him behind. With nowhere to go, the dog, known as Larry, took up residence in the ...",https://www.thedodo.com/close-to-home/old-labrador-dog-found-living-in-parking-lot,Dog Left Behind By Family Slept In The Dirt Until He Was Rescued ...https://www.thedodo.com/close-to.../old-labrador-dog-found-living-in-parking-lot
5 hours ago - Rich New Yorkers who feel bad about keeping their dogs inside all day are paying dog hikers to let them run free in the country.,https://www.nytimes.com/2018/11/10/style/dog-hiking-in-the-country-new-york.html,Can't Take Your Fancy Dog Hiking in the Country? Hire a Pro - The ...https://www.nytimes.com/2018/11/10/style/dog-hiking-in-the-country-new-york.html
Find dogs and puppies for adoption at the Michigan Humane Society. You could meet your new best friend at one of our pet adoption centers!,https://www.michiganhumane.org/dogs-and-puppies/,Dogs & Puppies For Adoption - Adopt A Puppy/Dog - Michigan ...https://www.michiganhumane.org/dogs-and-puppies/
"2018 is the Year of the Dog, together with year 1958, 1970, 1982, 1994, 2006... Dog is the 11th Chinese zodiac sign, and people born in the dog years are ...",https://www.travelchinaguide.com/intro/social_customs/zodiac/dog.htm,"Year of the Dog 2018, Chinese Zodiac Dog Fortune & Personalityhttps://www.travelchinaguide.com/intro/social_customs/zodiac/dog.htm"
Engaging evidence- based learning. Privacy · Terms of use.,https://www.sumdog.com/city,Sum Doghttps://www.sumdog.com/city
Performatrin Ultra Treats. Up to 30% off select Performatrin Ultra Dog Treats. Previous Next Play Pause. Enter Category Dog Food ...,http://petvalu.com/dog,"Dog Products | Pet Valu Pet Store | Pet food, Treats and Suppliespetvalu.com/dog"
"1 day ago - Your dog might be your best friend, but that doesn't mean they can't be naughty from time to time. New research has revealed a list of the ...",https://metro.co.uk/2018/11/09/research-reveals-the-naughtiest-breeds-of-dog-8121313/,Research reveals the 'naughtiest' breeds of dog | Metro Newshttps://metro.co.uk › Lifestyle › Animals
"Louis. 39873265. Dog. Male/Neutered. Australian Shepherd/Mix. 9 months. B Kennel. Photo. Maggie. 39878302. Dog. Female/Spayed. Terrier, Jack Russell/Mix.",https://www.sarniahumanesociety.com/dogs/,Dogs | Sarnia & District Humane Societyhttps://www.sarniahumanesociety.com/dogs/
"Dogs: the adorable domestic pet beloved by millions. The dog is one of the most popular pets in the world -- it is, of course, commonly referred to as “man's best ...",https://mashable.com/category/dog/,Dogs - Mashablehttps://mashable.com/category/dog/
"Adoptable dogs come in various shapes and sizes to suite your lifestyles. Dogs are health checked, vaccinated, at reduced prices & complementary trainings*",https://dogshome.com/dog-adoption/adopt-a-dog/,View dogs up for adoption | Lost Dogs Homehttps://dogshome.com/dog-adoption/adopt-a-dog/
"See the adoptable dogs available at HSHC, the only open admission, truly no-kill animal shelter in Indiana.",http://www.hamiltonhumane.com/adopt/adoptable-dogs,Adoptable Dogs - Humane Society for Hamilton Countywww.hamiltonhumane.com › Adopt
"Everything you need to care for your dog or puppy. FREE SHIPPING over $50 on dog food, toys, health care and more!",https://www.petstock.com.au/dog,Dog Supplies & Care Products for Your Puppy - PETstockhttps://www.petstock.com.au › Dog
Home > Dogs. Meet Our Dogs. Search by name: Sex: Female (95). Male (106). Breed: Non-pitbull (54). Pit Bull (4). Pit mix (15). Pitbull (132). Senior (20). Special ...,http://www.vrcpitbull.com/dogs/,Dogs Archive - Villalobos Rescue Centerwww.vrcpitbull.com/dogs/
"Adopt A Dog. Upcoming Adoption Events: November 3rd, 2018. November 10th, 2018 – NATIONAL ADOPTION WEEKEND. November 17th, 2018. LOCATION: ...",https://wolftrapanimalrescue.com/adopt/adopt-a-dog/,Adopt A Dog in Virginia & DC - Wolf Trap Animal Rescuehttps://wolftrapanimalrescue.com/adopt/adopt-a-dog/
"41 results - Adopt a pet at the Oregon Humane Society in Portland. View available dogs, cats, rabbits, horses and more. Outreach locations across the metro area ...",https://www.oregonhumane.org/adopt/?type=dogs,Adopt a Pet | Oregon Humane Societyhttps://www.oregonhumane.org/adopt/?type=dogs
"Adopt a dog today! Our pooches are spayed/neutered, micro-chipped and fully vaccinated. 30 days of worry-free pet insurance included.",https://berkeleyhumane.org/adopt-a-dog,Rescued Dogs Currently Available for Adoptionhttps://berkeleyhumane.org/adopt-a-dog
Download our dog adoption application and bring it with you to meet your new best friend. “Adoption Pending” after an animal's name means that we are not ...,https://www.awla.org/adopt/adopt-a-dog/,Adopt a Dog | AWLA Adopt a Dog | Animal Welfare League of Arlingtonhttps://www.awla.org/adopt/adopt-a-dog/
"Find a running partner or just a big, snuggly couch potato. November 1-11 dogs larger than 40 pounds, and all dogs in the large runs at adoption centers will ...",https://www.kyhumane.org/adopt/dogs,Adoptable Dogs - Kentucky Humane Societyhttps://www.kyhumane.org/adopt/dogs
You may notice that in most cases our dogs are not labelled as a particular breed but rather as “mixed breed”. This is because visual breed identification in dogs ...,http://www.cochranehumane.com/adopt/dogs/,Dogs for Adoption – Cochrane & Area Humane Societywww.cochranehumane.com/adopt/dogs/
"FREE* shipping and save 20%. We are here to help provide quality care for dogs with low prices on the best dog food, dog toys, crates and supplements from ...",https://www.chewy.com/b/dog-288,Dog Supplies: Best Dog & Puppy Products - Free Shipping | Chewy.comhttps://www.chewy.com/b/dog-288
Visit our adoption center. Provide a loving home for one of our shelter dogs or puppies. All of our animals have received a pre-adoption veterinary exam and ...,https://www.sfspca.org/adoptions/dogs,Adopt a Dog or Puppy | Visit Our Adoption Center | SF SPCAhttps://www.sfspca.org/adoptions/dogs
"Find the pet you want, connect with their owner and make a pet adoption that works for you. Browse adoptable dogs and cats. “Pet adoption near me!”",https://getyourpet.com/search,"Pet Adoption Near Me, Adoptable Dogs and Cats | Get Your Pethttps://getyourpet.com/search"
Rehome a dog. Meet our rescue dogs and puppies looking for a forever home. Find your perfect pet with Mayhew and adopt today. SIGN UP FOR DOG ALERTS.,https://themayhew.org/dogs/,Dogs Archive - Mayhewhttps://themayhew.org/dogs/
"Check out the dogs who are waiting for their forever home! If you are interested in one of our dogs, please fill out our Adoption Application Form. After it has been ...",http://www.hsdr.org/dogs,Humane Society of Durham Region - Dogswww.hsdr.org/dogs
"16 record - All dogs are checked over by a vet, vaccinated, desexed, microchipped and given any treatments they may need. Our shelter team are experts at ...",https://www.gaws.org.au/adopt-a-pet/dogs,GAWS - Dogshttps://www.gaws.org.au › Adopt
"2 days ago - LACONIA, N.H. (AP) — Police in New Hampshire say a dog that jumped into Lake Winnipesaukee was electrocuted and its owner also suffered ...",https://www.boston.com/news/local-news/2018/11/08/dog-in-new-hampshire-electrocuted-after-jumping-in-water,Dog in New Hampshire electrocuted after jumping in water | Boston.comhttps://www.boston.com/.../dog-in-new-hampshire-electrocuted-after-jumping-in-wate...
Providing a home for a dog in need is an incredibly rewarding experience. Thank you for considering adoption.,https://www.dogtales.ca/adopt-a-dog/,Adoptable Dogs — Dog Tales Rescue and Sanctuaryhttps://www.dogtales.ca/adopt-a-dog/
"Dog. Female/Spayed. Mixed Breed, Medium (up to 44 lbs fully grown)/Mix. 2 years 2 months. Dog Kennels. Photo · Rolo. 38574548. Dog. Male/Neutered.",https://www.oahs.org/dogs,Dogs - Oshkosh Area Humane Societyhttps://www.oahs.org/dogs
"Log in. Sign up. Chess · desertbus · GameSpot · INDIE · Towelliee. Sorry. Unless you've got a time machine, that content is unavailable. Browse channels.",https://www.twitch.tv/hsdogdog,HSdogdog - Twitchhttps://www.twitch.tv/hsdogdog
"Dog. Female/Spayed. Mixed Breed, Large (over 44 lbs fully grown)/Mix. 10 months ... 38000170. Dog. Female/Spayed. Retriever, Labrador/German Shepherd.",http://www.bdar.org/adoptable-pets-1/,Adoptable Pets — Black Dog Animal Rescuewww.bdar.org/adoptable-pets-1/
Click here to see all of our beautiful adoptable dogs that are available for adoption! They are all in foster homes within the New England area. Email or fill out our ...,https://www.lasthopek9.org/adoptable-dogs/,Adoptable Dogs - Last Hope K9 Rescuehttps://www.lasthopek9.org/adoptable-dogs/
"2 days ago - A deceased dog has disappeared in Falls County, triggering a larger animal cruelty investigation and subsequent search for the body and ...",https://www.kwtx.com/content/news/Dead-dogs-disappearance-others-found-tied-up-500004091.html,"Investigation underway after dead dog disappears, others found tetheredhttps://www.kwtx.com/.../Dead-dogs-disappearance-others-found-tied-up-500004091...."
"If you are interested in adopting a cat or dog, we encourage you to come down to the Animal Services Centre​ and meet all of our adoptable animals. A list of ...",http://www.calgary.ca/CSPS/ABS/Pages/Animal-Services/Adoptable-dogs.aspx,The City of Calgary - Dogs available for adoptionwww.calgary.ca/CSPS/ABS/Pages/Animal-Services/Adoptable-dogs.aspx
"Wright-Way Rescue has two locations, an intake center and an adoption center. Please pay close attention to the location of the pet, which is posted in the ...",http://wright-wayrescue.org/adoptable-dogs/,Adoptable Dogs — Wright-Way Rescuewright-wayrescue.org/adoptable-dogs/
"3 days ago - ""Go on Rocky, find it! Good boy!"" The labrador wags his tail, happy to have found the hidden treasure as he graduates from Italy's ""truffle dog ...",https://economictimes.indiatimes.com/news/international/world-news/for-the-dog-its-a-game-sniffing-out-truffles-in-italy/university-for-sniffing-out-truffles/slideshow/66535759.cms,"'For the dog, it's a game': Sniffing out truffles in Italy - University for ...https://economictimes.indiatimes.com › News › International › World News"
Companion Silicone Dog ID Tag. 0 Reviews ... Maroon Hand-Made Serape and Sherpa Dog Bed. 0 Reviews ... Grey & Maroon Serape Dog ID Badge Bag.,https://qalo.com/collections/dog-collection,The Dog Collection – QALOhttps://qalo.com/collections/dog-collection
"Buy Dog & Puppy food and accessories online from Sainsbury's, the same great quality, freshness and choice you'd find in store. Choose from 1 hour delivery ...",https://www.sainsburys.co.uk/shop/gb/groceries/pet/dog---puppy,Dog & Puppy | Sainsbury'shttps://www.sainsburys.co.uk/shop/gb/groceries/pet/dog---puppy
"Explore all the cutest pics of kittens, puppies, bunnies, and videos of any furry things that make you go AWW!",https://9gag.com/cute,"Animals on 9GAG - Cat videos, Dog pics and other cute animalshttps://9gag.com/cute"
"These are some of our dogs currently available at Saving Grace in Wake Forest, North Carolina. They are just waiting for you to give them the wonderful home ...",https://savinggracenc.org/our-dogs/,OUR DOGS | Saving Gracehttps://savinggracenc.org/our-dogs/
"Pet Advice Filter. All. Care. General. Health. Safety. Behaviour. Search. Search pet advice. Search. Flora the Jack Russell, who suffered a phantom pregnancy, ...",https://www.bluecross.org.uk/advice/dog,Dog advice | How to look after your dog | Blue Crosshttps://www.bluecross.org.uk/advice/dog
"Australia's best dog food delivery service. We deliver all premium dog and cat food brands plus medications, toys, accessories and treats.",https://www.petcircle.com.au/dog,Dog Food | Pet Circlehttps://www.petcircle.com.au/dog
"Zola. Labrador/ bull cross - A friendly and gentle dog. Read More. Date: November 09, 2018. Contact: Kildare and West Wicklow S.P.C.A ...",https://www.ispca.ie/rehoming/dogs_rehoming/,"ISPCA Ireland - Irish SPCA - Animal Charity - Rescue Dogs, Cats, Pets ...https://www.ispca.ie/rehoming/dogs_rehoming/"
"1 day ago - An enormous cat and dog hotel - the 2,400 square metre AtFrits - opened in Bree Street, Cape Town, on Thursday. Starting at R285 per night, ...",https://www.businessinsider.co.za/worlds-largest-dog-hotel-atfrits-opens-in-cape-town-2018-11,The world's largest cat and dog hotel opens in Cape Town - with ...https://www.businessinsider.co.za/worlds-largest-dog-hotel-atfrits-opens-in-cape-town...
When you adopt a dog or puppy from Butte Humane Society you are getting an amazing value plus a lifetime of unconditional love. Learn more about the ...,http://buttehumane.org/adopt-a-dog/,Adopt a Dog - Butte Humane Societybuttehumane.org/adopt-a-dog/
"1 day ago - In early preview footage of the upcoming episodes of The Walking Dead, we learn that Daryl has gotten a dog during this time. Amazing.",https://www.forbes.com/sites/insertcoin/2018/11/09/daryl-now-has-a-dog-on-the-walking-dead-so-everything-is-okay/,Daryl Now Has A Dog On 'The Walking Dead' So Everything Is Okayhttps://www.forbes.com/.../daryl-now-has-a-dog-on-the-walking-dead-so-everything-i...
