Title,Link,Duration,Description
Video Tutorials: Getting Started | SketchUp,https://www.sketchup.com/learn/videos/826, 9:43,Videos. From beginner tool tips to intermediate and advanced modeling techniques. 00:00. LIVE. 0. 00:00. 09:43 ...
Twitter Tutorial For Beginners - YouTube,https://www.youtube.com/watch?v=SBDYYGER5iM, 29:00,"Twitter is one of the biggest social networks on the Internet, but if you haven't joined it yet, you might have ..."
SEVERINA feat. LJUBA STANKOVIĆ - TUTORIAL (OFFICIAL VIDEO ...,https://www.youtube.com/watch?v=bUOcNI8RBGk, 3:48,Subscribe Severina YouTube channel ▻ https://goo.gl/QNLWsB ↩   ➤ Instagram: https://instagram.com/severina ...
HTML Tutorial for Beginners - part 1 of 4 - YouTube,https://www.youtube.com/watch?v=v4oN4DuR7YU, 8:42,LittleWebHut.com/ How to make a website: HTML Tutorial - Basics. Start off with a solid foundation by learning ...
WordPress Tutorial 1: Introduction - YouTube,https://www.youtube.com/watch?v=8OBfr46Y0cQ, 13:10,Updated video on getting started with WordPress Development: https://www.youtube.com/watch?v ...
HOW TO KISS (TUTORIAL) - YouTube,https://www.youtube.com/watch?v=EBxS9CAgc8Y, 4:49,"FREE MAGIC THUMB TO KISS ANY GIRL: http://prankinvasion.store Music ""Chill Day"" by Lakey Inspired ..."
WordPress Tutorial For Beginners [20 MIN GUIDE] - YouTube,https://www.youtube.com/watch?v=r-lqV7vyZt4, 21:00,WordPress Tutorial For Beginners -- Get Your Hosting Discount Here -- -- https://createwpsite.com/special ...
LEARN PREMIERE PRO IN 20 MINUTES ! - Tutorial For Beginners ...,https://www.youtube.com/watch?v=Hls3Tp7JS8E, 20:47,Interested in getting Premiere Pro or After Effects CC? Get it here: https://goo.gl/eNop8t Updated 2018 Adobe ...
How to Make Tutorial Videos - YouTube,https://www.youtube.com/watch?v=BDliEq_0qeQ&vl=en, 7:26,Learn how to create great tutorial videos by following along as we take you through the entire process. We ...
C++ Tutorial for Beginners - Full Course - YouTube,https://www.youtube.com/watch?v=vLnPwxZdW4Y&vl=en, 4:01:19,This course will give you a full introduction into all of the core concepts in C++. Follow along with the videos and ...
Blender Beginner Tutorial - Part 1: User Interface - YouTube,https://www.youtube.com/watch?v=JYj6e-72RDs, 16:04,Blender tutorial for complete beginners! How to use the most common functionality of Blender: Modelling ...
EZ Tutorials - YouTube,https://www.youtube.com/channel/UCz6KLlSVw2OmVeiC7Y2Z_Gg,,"After Effects tutorials to help you learn how to use this wonderful program. You will find here logo animations tutorials, youtube intro tutorials, logo reve..."
Bootstrap Tutorial - YouTube,https://www.youtube.com/watch?v=gqOEoUR5RHg, 1:04:38,Get the Cheat Sheet Here : http://goo.gl/M5G7wj Best Bootstrap Book : http://amzn.to/1RHdfPr Support Me on ...
Git Tutorial for Beginners: Command-Line Fundamentals - YouTube,https://www.youtube.com/watch?v=HVsySz-h9r4, 30:33,"Git is the most popular version control system out there and for good reason. In this video, we'll go over the ..."
Tutorial 1 -- Creating your first scribe - YouTube,https://www.youtube.com/watch?v=QP_Q9_YZWHU, 20:54,Learn how to navigate the key features of VideoScribe and create your first scribe. 1. Getting started ...
Glass Planet Vector Illustration – Adobe Illustrator Tutorial - YouTube,https://www.youtube.com/watch?v=Z2SNeH9v-Ug, 45:17,Build this AWESOME Glass Planet from scratch in this Adobe Illustrator tutorial! We'll create line art from ...
Drag Makeup Blind Tutorial Challenge - YouTube,https://www.youtube.com/watch?v=KRJUD6VKqTg, 9:45,Kate and Sam try putting on drag makeup without seeing their expert coach. Credits: https://www.buzzfeed.com ...
Sketchup Tutorial For Beginners - Part One - YouTube,https://www.youtube.com/watch?v=UsHRGDvN4sM, 17:47,Go to http://www.MasterSketchup.com to learn how to create unique 3D models using Trimble Sketchup. If you ...
Tutorials – Academics - Williams College,https://www.williams.edu/academics/tutorials/, 4:13,"Adapted from the Oxford University style of education, the Williams tutorial is a ... The tutorial gives them a ..."
Introduction: Sculpting in Blender (Tutorial EN) - YouTube,https://www.youtube.com/watch?v=tZnUgt659oI, 41:18,Update Jan. 2018: New full Blender sculpting course available: http://zachariasreinhardt.com/mastering ...
Getting started with Visual Studio Code,https://code.visualstudio.com/docs/introvideos/basics, 2:31,"Getting started with Visual Studio Code. In this tutorial, we walk you through setting up Visual Studio Code and ..."
Interactive GMAT Exam Tutorial - MBA.com,https://www.mba.com/exams/gmat/plan-for-exam-day/interactive-gmat-exam-tutorial,,Get a feel for the GMAT Exam with this online tutorial simulation of the screens at the GMAT Test Center.
Mac Tutorial for PC Users / Beginners - YouTube,https://www.youtube.com/watch?v=MN0FD8KW2V4, 15:43,A Mac tutorial for PC users or beginners that serves as a basic introduction to Mac OS X. This tutorial will ...
Olufemii Tutorials - YouTube,https://www.youtube.com/channel/UCdYVQ4i7eZD_GJkL4yxkKCw,,"Olufemii Tutorials. SubscribeSubscribedUnsubscribe ... Olufemii Tutorials. 14,861 views; 5 months ago. 26:31 ... Olufemii Tutorials. 90,181 views; 8 months ago."
Shiny - Tutorial,https://shiny.rstudio.com/tutorial/,,Learn Shiny. The tutorials on this page are primarily designed for users who are new to Shiny and want a ...
Tutorial - AutoDock Vina - molecular docking and virtual screening ...,http://vina.scripps.edu/tutorial.html, 22:58,Vina Video Tutorial. This tutorial demonstrates molecular docking of imatinib using Vina with AutoDock ...
Quick Start Tutorials - Maplesoft Training - Maplesoft,https://www.maplesoft.com/support/training/quickstart.aspx, 21:50,This tutorial is designed to help you become familiar with the Maple environment and teach you the few ...
Full Glam Tutorial... On A Plane - YouTube,https://www.youtube.com/watch?v=fOPBdeaAbDE, 6:25,"Glam Makeup Tutorial On A Plane! Hey Angels, I wanted to see if I could do a full glam makeup tutorial on my ..."
Learn how to use MAXQDA 12 - Free online tutorial - MAXQDA – The ...,https://www.maxqda.com/max12-tutorial/a-first-steps, 7:07,Welcome to the MAXQDA Online Tutorial. maxqda-12-user-interface1. Our online tutorial will introduce you to ...
Get The Victoria's Secret Model Look – Makeup Tutorial | Charlotte ...,https://www.youtube.com/watch?v=dy8DLkKZyxc, 4:40,Recreate the OFFICIAL Victoria's Secret Fashion Show 2018 makeup straight from the catwalk with this ...
CRYENGINE Tutorials,https://www.cryengine.com/tutorials, 1:23,Going through these videos will introduce you to the basic concepts and workflows to become a master at ...
How To Tutorials - SAS Video Portal,https://video.sas.com/category/videos/how-to-tutorials,,"In this video, you get started with programming in SAS Studio. You view a data table, write and submit SAS code ..."
BILLIE EILISH - Cry BLACK TEARS (After Effects Tutorial) - YouTube,https://www.youtube.com/watch?v=770smxmMrok, 7:09,"https://cinecom.info/Storyblocks - Cry black tears like Billie Eilish in ""when the party's over"" music video. Learn ..."
Tutorials | Wave.video - Animatron,https://www.animatron.com/wave/tutorial, 0:47,Facebook cover videos are a new hot trend. Learn how to make one for your page on Facebook with this ...
Tutorials - AV Stumpfl,https://avstumpfl.com/en/meta/support/tutorials/, 2:18,Wings Platinum Tutorials. Wings Platinum is intended for HDAV shows and similar projects. For professional ...
Sirius - Get Started - Eclipse,https://www.eclipse.org/sirius/getstarted.html, 4:04,Tutorials. Follow a step-by-step scenario to create your first modeling tool with Sirius. Sirius - Advanced ...
Introduction to EBSCOhost - Tutorial - Support - EBSCO Help,https://help.ebsco.com/interfaces/EBSCOhost/training_promotion/Intro_EBSCOhost_Tutorial, 4:18,This tutorial provides an overview of the EBSCOhost interface. Introduction to EBSCOhost Tutorial (PowerPoint ...
Library Tutorials - Tutorials & Training - LibGuides at Texas Womans ...,https://libguides.twu.edu/tutorials,,"If you have been asked to take one of the TWU Library Tutorials for a course, they are available in Blackboard ..."
EBSCO Discovery Service - Tutorial - Support - EBSCO Help,https://help.ebsco.com/interfaces/EBSCO_Discovery_Service/EDS_Training_Promo/EDS_Tutorial, 3:49,"This tutorial demonstrates the features of the EBSCO Discovery Service (EDS) interface, including how to ..."
DJI Tutorials - YouTube,https://www.youtube.com/channel/UClH0xVO3zOfYdGjoPU6S2hw,,"DJI Tutorials is your one-stop online workshop for all of our products. Whether you're a beginner or an advanced pilot, our tutorial videos cover everything ..."
"Fullstack Tutorial with GraphQL, React & Apollo - How to GraphQL",https://www.howtographql.com/react-apollo/0-introduction/, 2:25,Note: The final project for this tutorial can be found on GitHub. You can always use it as a reference whenever ...
Video Tutorials | How to Use Piktochart,https://piktochart.com/video-tutorials/, 4:58,"If you are figuring out how to use Piktochart, this is the right place for you. Watch these easy video tutorials to ..."
"Tutorials - Overleaf, Online LaTeX Editor",https://www.overleaf.com/learn/latex/Tutorials, 2:08,"The Overleaf team are currently preparing new tutorial content but, in the meantime, Dr Vincent Knight, Senior ..."
"The Flask Mega-Tutorial Part I: Hello, World! - miguelgrinberg.com",https://blog.miguelgrinberg.com/post/the-flask-mega-tutorial-part-i-hello-world, 5:56,"The video above will give you an overview of the contents of this tutorial. In this first chapter, you are going to ..."
SolidWorks Tutorial - YouTube,https://www.youtube.com/channel/UCtwaWPOXEBysZLh1rrPzwFw,,SolidWorks Tutorial Channel. Tutorials for SolidWorks on many levels and subjects Covering most of the SolidWorks fields - SolidWorks Features - SolidWorks f.
Tutorial - MapChart,https://mapchart.net/tutorial.html, 0:38,The official Tutorial page for creating maps on mapchart.net.
Housing Application Tutorials | Housing,https://housing.berkeley.edu/tutorials, 10:08,"Residence Halls and Undergraduate Apartments Application, Phase 1 Tutorial."
API tutorials | Google Earth Engine API | Google Developers,https://developers.google.com/earth-engine/tutorials, 1:27:07,These tutorials are an introduction to using the Earth Engine JavaScript API for advanced geospatial analysis ...
Tutorial definition and meaning | Collins English Dictionary,https://www.collinsdictionary.com/dictionary/english/tutorial, 0:13,"Tutorial definition: In a university or college , a tutorial is a regular meeting between a tutor and one or ..."
CAD CAM TUTORIAL - YouTube,https://www.youtube.com/channel/UCjd_zIvYtQymk0dPx3vTJcA,,"We Provide SolidWorks, Autocad Free Tutorials. You can subscribe our channel to get more information. write us mail for your desired Tutorials on any topic f..."
Online Self-Study Tutorial Videos - American Psychological Association,https://www.apa.org/ed/accreditation/about/policies/self-study-tutorials.aspx,,Watch tutorials to help you successfully complete and submit the online self-study.
Fluorescence Tutorials | Thermo Fisher Scientific - UK,https://www.thermofisher.com/uk/en/home/support/tutorials.html, 8:12,Invitrogen Fluorescence Tutorials. Fluorescence-based techniques are valuable tools for studying cellular ...
3DF Zephyr tutorials - 3Dflow,https://www.3dflow.net/en/technology/documents/3df-zephyr-tutorials/, 8:02,"As we keep developing 3DF Zephyr, we are also publishing tutorials with tips & tricks of the trade. Feel free ..."
Postman Tutorial for Beginners to perform API Testing - ToolsQA,http://toolsqa.com/postman-tutorial/, 2:37,How to perform API testing using Postman tool. Using postman to test APIs API Testing tutorial using Postman ...
NikkieTutorials - YouTube,https://www.youtube.com/channel/UCzTKskwIc_-a0cGvCXA848Q,,"N I K K I E T U T O R I A L S NEW video every Wednesday and Sunday 4:00pm EST/01:00pm PST! Hair & Makeup Artist ∙ When life gives you lemons, punch it in ..."
Tutorials | KeyShot,https://www.keyshot.com/resources/learning/tutorials/, 3:56,"These video tutorials will have you started in no time. Start with the overview, then go on to Rendering and ..."
Video Tutorials - Beluga Baby Store,https://belugababy.ca/pages/tutorials, 0:46,Make sure to read our safety instructions (TICKS) before wearing your baby for the first time. Shop the Beluga ...
Video tutorial - JHipster,https://www.jhipster.tech/video-tutorial/, 16:12,"This 16-minutes tutorial shows how to create a JHipster 5 application, work with the provided tools, use the JDL ..."
Tutorial: Quick Start Guide to AR Studio - Spark AR Studio,https://developers.facebook.com/docs/ar-studio/tutorials/quick-start-guide/,,There may be differences between your version of Spark AR Studio and this tutorial because the product is ...
How-To Tutorials - George Brown College Library Learning Commons,https://www.georgebrown.ca/llc/help/tutorials/, 1:37,"Check our library tutorials, designed so you can learn on your own, at your own ... Avoiding Plagiarism ..."
Video Tutorials: LayOut | SketchUp,https://www.sketchup.com/learn/videos/841, 8:36,Videos. From beginner tool tips to intermediate and advanced modeling techniques. 00:00. LIVE. 0. 00:00. 08:36 ...
My EBSCOhost Folder - Tutorial - Support - EBSCO Help,https://help.ebsco.com/interfaces/EBSCOhost/training_promotion/My_EBSCOhost_Folder_Tutorial, 3:14,This tutorial demonstrates the features of the My EBSCOhost Personalization folder. My EBSCOhost Folder ...
Introduction to Bootstrap - A Tutorial - edX,https://www.edx.org/course/introduction-to-bootstrap-a-tutorial-1, 0:23,Introduction to Bootstrap - A Tutorial. Learn how to use Bootstrap to implement mobile first web pages with CSS ...
Polymer 3.0 - Getting Started - Polymer Project,https://www.polymer-project.org/3.0/start/,,Install Polymer 3.x. Get started with the new version right away. Follow these steps to install the latest versions ...
Shotcut - Tutorial Videos,https://shotcut.org/tutorials/, 6:30,Your browser does not currently recognize any of the video formats available. Click here to visit our frequently ...
Advanced Searching on EBSCOhost - Tutorial - Support - EBSCO Help,https://help.ebsco.com/interfaces/EBSCOhost/training_promotion/Advanced_Searching_EBSCOhost_Tutorial, 2:39,This tutorial demonstrates an Advanced Search on EBSCOhost. EBSCO Advanced Searching Tutorial ...
Explora for Middle and High School Users - Tutorial - Support ...,https://help.ebsco.com/interfaces/Explora/Training_Promotion/Tutorial, 3:11,"Need help preparing for an upcoming training session for your students, teachers, or patrons on Explora? Our ..."
Online tutorials - EUR-Lex,https://eur-lex.europa.eu/content/guided-tour/home-guided-tour.html, 3:58,Online tutorials. The tutorials are based on the previous version of EUR-Lex and will be updated. Choose a ...
Tutorials - Opensource animation software - Pencil2D Animation,https://www.pencil2d.org/doc/tutorials, 2:02,"If you have a specific tutorial you'd like to be made, let us know in the comments so we can review it. I'f you ..."
Video Tutorials - Clockify,https://clockify.me/help/video-tutorials, 8:38,Learn how to use Clockify in less than 30 minutes by watching our video tutorials.
"Tutorials, Examples, and Videos | Help Center | Wix.com",https://support.wix.com/en/wix-code/tutorials-examples-and-videos,,The Wix Support Center has everything you need to help you create a free website. Learn more about ...
Introduction - R Markdown - RStudio,https://rmarkdown.rstudio.com/lesson-1.html, 1:12,Overview. R Markdown provides an authoring framework for data science. You can use a single R Markdown file ...
Tutorials - Cee Cee's Closet NYC,https://www.ceeceesclosetnyc.com/pages/tutorials, 6:40,Your browser does not currently recognize any of the video formats available. Click here to visit our frequently ...
Build Your First Assembly | Onshape CAD Tutorial,https://www.onshape.com/videos/onshape-cad-tutorial-build-your-first-assembly, 5:07,This Onshape tutorial covers the basics of building an assembly and the different tools you can use to build an ...
VideoPad - Video Editing Introduction Video Tutorial - NCH Software,https://www.nchsoftware.com/videopad/tutorial.html, 4:13,VideoPad video tutorial to help you learn the basics of the VideoPad Video Editor video editing software interface.
Fluorescence Tutorials | Thermo Fisher Scientific - US,https://www.thermofisher.com/us/en/home/support/tutorials.html, 8:12,Invitrogen Fluorescence Tutorials. Fluorescence-based techniques are valuable tools for studying cellular ...
CINAHL Databases - Basic Searching Tutorial - Support - EBSCO Help,https://help.ebsco.com/interfaces/CINAHL_MEDLINE_Databases/Training_Promotion/CINAHL_Databases_Basic_Searching_Tutorial, 3:19,This tutorial demonstrates the basic searching features of the suite of CINAHL databases on EBSCOhost ...
Asana video tutorial | 30 minute demo | Product guide · Asana,https://asana.com/guide/videos/asana-30-min-tour,,Watch the Asana video tutorial for a complete product demo. See how you can use Asana to manage and ...
iPhone Video Tutorials | Filmic Pro Mobile Video,https://www.filmicpro.com/videos/tutorials/, 9:21,Learn how to use FiLMiC Pro's best in class support for the Zhiyun Smooth 4 gimbal stabilizer in this Epic ...
Video tutorials | Stata,https://www.stata.com/links/video-tutorials/, 3:37,We have recorded over 250 short video tutorials demonstrating how to use Stata and solve specific problems ...
Learning Julia,https://julialang.org/learning/, 1:40:02,We stream an online tutorial series that you can watch live or after the presentation has finished. We offer an ...
Building a GraphQL Server with Ruby Backend Tutorial,https://www.howtographql.com/graphql-ruby/0-introduction/, 2:25,Practical Tutorial. Choosing the right tutorial. We have 10 tutorials prepared covering all major frontend and ...
Blender Beginner Tutorial Series — Blender Guru,https://www.blenderguru.com/tutorials/blender-beginner-tutorial-series, 9:03,"When I started learning Blender 12 years ago, I remember feeling frustrated that there wasn't really any ..."
Building an instant search result page | Tutorials | Algolia Documentation,https://www.algolia.com/doc/tutorials/search-ui/instant-search/build-an-instant-search-results-page/instantsearchjs/,,"In this tutorial, you will use Algolia to create an instant search results page where the whole page (results ..."
Tutorials - Flipster - LibGuides at Ebsco,https://ebsco.libguides.com/flipster/tutorials, 3:07,Flipster: Tutorials. Flipster is a next-generation digital magazine solution that makes it easy for you to read your ...
Tutorials | Poll Everywhere,https://www.polleverywhere.com/videos/tutorials, 1:51,"A poll is a single question, and you can create as many as you like. This video shows you how to create your ..."
graphql-python - Introduction - How to GraphQL,https://www.howtographql.com/graphql-python/0-introduction/, 2:25,Practical Tutorial. Choosing the right tutorial. We have 10 tutorials prepared covering all major frontend and ...
Tutorials - SBIR.gov,https://www.sbir.gov/tutorials,,The On-Line Tutorials is a set of courses designed to help interested parties learn more about the Small ...
Building Dashboards with Shiny - Tutorial - RStudio,https://www.rstudio.com/resources/videos/building-dashboards-with-shiny-tutorial/, 1:57:43,Stay up to date on future RStudio events! Play. Skip →. Joe Cheng. Winston Chang. information about 2018 ...
Using the CINAHL/MeSH Headings Feature in EBSCOhost - Tutorial ...,https://help.ebsco.com/interfaces/CINAHL_MEDLINE_Databases/Training_Promotion/CINAHL_MeSH_Headings_Tutorial, 3:33,This tutorial demonstrates how to create a search using the CINAHL/MeSH Headings functionality in ...
Flask - Python Programming Tutorials,https://pythonprogramming.net/practical-flask-introduction/, 13:49,Welcome to the practical Flask tutorial series. This series is dedicated to creating an actual website from ...
Tutorials at Oxford | University of Oxford,http://www.ox.ac.uk/students/academic/guidance/skills/tutorials,,"Tutorials at the University of Oxford usually have between one and three students, and so the format and ..."
OptimumTire Tutorial - OptimumG,http://www.optimumg.com/software/optimumtire/tutorial/, 4:35,"OptimumTire Tutorial. To get started with OptimumTire, these tutorials offer a step by step guide to tire data ..."
Tutorial | BlueSG,https://www.bluesg.com.sg/tutorial, 2:17,How to pair your card? How to sign up for BlueSG Membership?
COPASI: Support/Video Tutorials,http://copasi.org/Support/Video_Tutorials/, 2:10,These videos are from our YouTube channel and describe specific functions of COPASI. You can also find on ...
Tutorials – McTrans,https://mctrans.ce.ufl.edu/mct/index.php/hcs/tutorials/, 38:17,Your browser does not currently recognize any of the video formats available. Click here to visit our frequently ...
Tutorials - LearnSketch.com™,https://www.learnsketch.com/tutorials, 10:50,The Complete Course is Here! Now Available on Udemy. Finally a complete course to learn Sketch 3 from A to Z ...
Arduino Wireless Communication - NRF24L01 Tutorial ...,https://howtomechatronics.com/tutorials/arduino/arduino-wireless-communication-nrf24l01-tutorial/, 7:32,In this Arduino tutorial we will learn how to make a wireless communication between two Arduino boards using ...
Tutorial: 001 create a slider - Jssor Slider,https://www.jssor.com/tutorial/, 3:59,"Create a slider file 001-image-slider.slider. Login and open your workspace (e.g. jssorservice*), click New slider ..."
Explora for Primary School Users - Tutorial - Support - EBSCO Help,https://help.ebsco.com/interfaces/Explora/Training_Promotion/Explora_Primary_Users_Tutorial, 2:38,Need help teaching your primary school students how to use Explora? Our video tutorial provides audio ...
